{
  "mean": [
    207.04089269009756,
    136.70211284971765,
    107292.2603233997,
    19.563731090502834,
    402.91422649425857,
    41.97273820660163,
    7.567092073389063,
    -0.003146651378054519,
    -0.003420881543681374,
    -37.105855154577746,
    -0.8087968476137566,
    -0.5282562248389877,
    0.18467903674133226,
    40.243552051316314,
    0.0,
    1456.2515034077242,
    0.0,
    40.243552051316314,
    0.0,
    1456.252171588935,
    0.0,
    2.042563144024499
  ],
  "scale": [
    253.82342105780396,
    216.1336023883257,
    167302.45225148296,
    4.491620115118898,
    181.4725969041051,
    39.73638484372019,
    3.9196072670780246,
    0.7078372130421902,
    0.7063602850490507,
    173.79024952524168,
    0.14263773254033996,
    0.2155168315963307,
    0.20863285502312504,
    42.06945350726466,
    1.0,
    2613.823802464279,
    1.0,
    42.06945350726466,
    1.0,
    2613.8234289191723,
    1.0,
    2.866854822578442
  ],
  "features": [
    "irradiance_wm2",
    "effective_irradiance",
    "irradiance_sq",
    "temperature_2m",
    "temp_sq",
    "cloud_cover",
    "wind_speed_10m",
    "hour_sin",
    "hour_cos",
    "hour_sin_irr",
    "day_sin",
    "day_cos",
    "solar_elev_norm",
    "battery_soc",
    "battery_power",
    "grid_power",
    "load_power",
    "battery_soc_lag1",
    "battery_power_lag1",
    "grid_power_lag1",
    "load_power_lag1",
    "power_kw_lag1"
  ]
}